delta,n,method,horizon
0.05,50,union_anyalloc,2
0.05,50,auc,1
0.05,50,optimal,2
0.05,50,aucb_lam0.05,2
0.05,50,aucb_lam0.01,2
0.05,50,cs,-1
0.05,58,union_anyalloc,2
0.05,58,auc,1
0.05,58,optimal,2
0.05,58,aucb_lam0.05,2
0.05,58,aucb_lam0.01,2
0.05,58,cs,-1
0.05,66,union_anyalloc,3
0.05,66,auc,1
0.05,66,optimal,3
0.05,66,aucb_lam0.05,3
0.05,66,aucb_lam0.01,3
0.05,66,cs,-1
0.05,76,union_anyalloc,3
0.05,76,auc,1
0.05,76,optimal,3
0.05,76,aucb_lam0.05,3
0.05,76,aucb_lam0.01,3
0.05,76,cs,-1
0.05,88,union_anyalloc,4
0.05,88,auc,1
0.05,88,optimal,4
0.05,88,aucb_lam0.05,4
0.05,88,aucb_lam0.01,4
0.05,88,cs,-1
0.05,101,union_anyalloc,5
0.05,101,auc,1
0.05,101,optimal,5
0.05,101,aucb_lam0.05,5
0.05,101,aucb_lam0.01,5
0.05,101,cs,-1
0.05,116,union_anyalloc,5
0.05,116,auc,1
0.05,116,optimal,5
0.05,116,aucb_lam0.05,5
0.05,116,aucb_lam0.01,5
0.05,116,cs,-1
0.05,134,union_anyalloc,6
0.05,134,auc,2
0.05,134,optimal,6
0.05,134,aucb_lam0.05,6
0.05,134,aucb_lam0.01,6
0.05,134,cs,-1
0.05,154,union_anyalloc,7
0.05,154,auc,2
0.05,154,optimal,7
0.05,154,aucb_lam0.05,7
0.05,154,aucb_lam0.01,7
0.05,154,cs,-1
0.05,177,union_anyalloc,8
0.05,177,auc,2
0.05,177,optimal,9
0.05,177,aucb_lam0.05,9
0.05,177,aucb_lam0.01,9
0.05,177,cs,-1
0.05,204,union_anyalloc,10
0.05,204,auc,2
0.05,204,optimal,10
0.05,204,aucb_lam0.05,10
0.05,204,aucb_lam0.01,10
0.05,204,cs,-1
0.05,235,union_anyalloc,11
0.05,235,auc,2
0.05,235,optimal,12
0.05,235,aucb_lam0.05,12
0.05,235,aucb_lam0.01,12
0.05,235,cs,-1
0.05,270,union_anyalloc,13
0.05,270,auc,3
0.05,270,optimal,13
0.05,270,aucb_lam0.05,13
0.05,270,aucb_lam0.01,13
0.05,270,cs,-1
0.05,311,union_anyalloc,15
0.05,311,auc,3
0.05,311,optimal,15
0.05,311,aucb_lam0.05,15
0.05,311,aucb_lam0.01,15
0.05,311,cs,-1
0.05,358,union_anyalloc,17
0.05,358,auc,3
0.05,358,optimal,18
0.05,358,aucb_lam0.05,18
0.05,358,aucb_lam0.01,18
0.05,358,cs,-1
0.05,412,union_anyalloc,20
0.05,412,auc,4
0.05,412,optimal,21
0.05,412,aucb_lam0.05,21
0.05,412,aucb_lam0.01,21
0.05,412,cs,-1
0.05,474,union_anyalloc,23
0.05,474,auc,4
0.05,474,optimal,24
0.05,474,aucb_lam0.05,23
0.05,474,aucb_lam0.01,24
0.05,474,cs,-1
0.05,546,union_anyalloc,27
0.05,546,auc,4
0.05,546,optimal,28
0.05,546,aucb_lam0.05,26
0.05,546,aucb_lam0.01,28
0.05,546,cs,-1
0.05,628,union_anyalloc,31
0.05,628,auc,5
0.05,628,optimal,32
0.05,628,aucb_lam0.05,29
0.05,628,aucb_lam0.01,32
0.05,628,cs,-1
0.05,723,union_anyalloc,36
0.05,723,auc,5
0.05,723,optimal,37
0.05,723,aucb_lam0.05,32
0.05,723,aucb_lam0.01,37
0.05,723,cs,-1
0.05,832,union_anyalloc,41
0.05,832,auc,5
0.05,832,optimal,42
0.05,832,aucb_lam0.05,34
0.05,832,aucb_lam0.01,42
0.05,832,cs,-1
0.05,957,union_anyalloc,47
0.05,957,auc,6
0.05,957,optimal,49
0.05,957,aucb_lam0.05,37
0.05,957,aucb_lam0.01,49
0.05,957,cs,-1
0.05,1102,union_anyalloc,55
0.05,1102,auc,6
0.05,1102,optimal,56
0.05,1102,aucb_lam0.05,40
0.05,1102,aucb_lam0.01,56
0.05,1102,cs,-1
0.05,1268,union_anyalloc,63
0.05,1268,auc,7
0.05,1268,optimal,65
0.05,1268,aucb_lam0.05,43
0.05,1268,aucb_lam0.01,65
0.05,1268,cs,-1
0.05,1460,union_anyalloc,73
0.05,1460,auc,8
0.05,1460,optimal,74
0.05,1460,aucb_lam0.05,45
0.05,1460,aucb_lam0.01,74
0.05,1460,cs,-1
0.05,1680,union_anyalloc,84
0.05,1680,auc,8
0.05,1680,optimal,86
0.05,1680,aucb_lam0.05,48
0.05,1680,aucb_lam0.01,86
0.05,1680,cs,-1
0.05,1933,union_anyalloc,96
0.05,1933,auc,9
0.05,1933,optimal,99
0.05,1933,aucb_lam0.05,51
0.05,1933,aucb_lam0.01,99
0.05,1933,cs,-1
0.05,2225,union_anyalloc,111
0.05,2225,auc,10
0.05,2225,optimal,114
0.05,2225,aucb_lam0.05,53
0.05,2225,aucb_lam0.01,113
0.05,2225,cs,-1
0.05,2561,union_anyalloc,128
0.05,2561,auc,10
0.05,2561,optimal,131
0.05,2561,aucb_lam0.05,56
0.05,2561,aucb_lam0.01,127
0.05,2561,cs,-1
0.05,2948,union_anyalloc,147
0.05,2948,auc,11
0.05,2948,optimal,151
0.05,2948,aucb_lam0.05,59
0.05,2948,aucb_lam0.01,141
0.05,2948,cs,-1
0.05,3393,union_anyalloc,169
0.05,3393,auc,12
0.05,3393,optimal,173
0.05,3393,aucb_lam0.05,61
0.05,3393,aucb_lam0.01,155
0.05,3393,cs,-1
0.05,3905,union_anyalloc,195
0.05,3905,auc,13
0.05,3905,optimal,200
0.05,3905,aucb_lam0.05,64
0.05,3905,aucb_lam0.01,169
0.05,3905,cs,-1
0.05,4494,union_anyalloc,224
0.05,4494,auc,14
0.05,4494,optimal,230
0.05,4494,aucb_lam0.05,67
0.05,4494,aucb_lam0.01,183
0.05,4494,cs,-1
0.05,5172,union_anyalloc,258
0.05,5172,auc,15
0.05,5172,optimal,265
0.05,5172,aucb_lam0.05,70
0.05,5172,aucb_lam0.01,197
0.05,5172,cs,-1
0.05,5953,union_anyalloc,297
0.05,5953,auc,16
0.05,5953,optimal,305
0.05,5953,aucb_lam0.05,72
0.05,5953,aucb_lam0.01,211
0.05,5953,cs,-1
0.05,6851,union_anyalloc,342
0.05,6851,auc,18
0.05,6851,optimal,351
0.05,6851,aucb_lam0.05,75
0.05,6851,aucb_lam0.01,225
0.05,6851,cs,-1
0.05,7886,union_anyalloc,394
0.05,7886,auc,19
0.05,7886,optimal,404
0.05,7886,aucb_lam0.05,78
0.05,7886,aucb_lam0.01,238
0.05,7886,cs,-1
0.05,9076,union_anyalloc,453
0.05,9076,auc,20
0.05,9076,optimal,465
0.05,9076,aucb_lam0.05,81
0.05,9076,aucb_lam0.01,252
0.05,9076,cs,-1
0.05,10446,union_anyalloc,522
0.05,10446,auc,22
0.05,10446,optimal,535
0.05,10446,aucb_lam0.05,83
0.05,10446,aucb_lam0.01,266
0.05,10446,cs,-1
0.05,12022,union_anyalloc,601
0.05,12022,auc,24
0.05,12022,optimal,616
0.05,12022,aucb_lam0.05,86
0.05,12022,aucb_lam0.01,280
0.05,12022,cs,-1
0.05,13837,union_anyalloc,691
0.05,13837,auc,25
0.05,13837,optimal,709
0.05,13837,aucb_lam0.05,89
0.05,13837,aucb_lam0.01,294
0.05,13837,cs,-1
0.05,15926,union_anyalloc,796
0.05,15926,auc,27
0.05,15926,optimal,816
0.05,15926,aucb_lam0.05,91
0.05,15926,aucb_lam0.01,308
0.05,15926,cs,-1
0.05,18329,union_anyalloc,916
0.05,18329,auc,29
0.05,18329,optimal,939
0.05,18329,aucb_lam0.05,94
0.05,18329,aucb_lam0.01,321
0.05,18329,cs,-1
0.05,21096,union_anyalloc,1054
0.05,21096,auc,32
0.05,21096,optimal,1081
0.05,21096,aucb_lam0.05,97
0.05,21096,aucb_lam0.01,335
0.05,21096,cs,-1
0.05,24280,union_anyalloc,1214
0.05,24280,auc,34
0.05,24280,optimal,1244
0.05,24280,aucb_lam0.05,100
0.05,24280,aucb_lam0.01,349
0.05,24280,cs,-1
0.05,27945,union_anyalloc,1397
0.05,27945,auc,36
0.05,27945,optimal,1432
0.05,27945,aucb_lam0.05,102
0.05,27945,aucb_lam0.01,363
0.05,27945,cs,-1
0.05,32163,union_anyalloc,1608
0.05,32163,auc,39
0.05,32163,optimal,1649
0.05,32163,aucb_lam0.05,105
0.05,32163,aucb_lam0.01,377
0.05,32163,cs,-1
0.05,37018,union_anyalloc,1850
0.05,37018,auc,42
0.05,37018,optimal,1897
0.05,37018,aucb_lam0.05,108
0.05,37018,aucb_lam0.01,391
0.05,37018,cs,-1
0.05,42605,union_anyalloc,2130
0.05,42605,auc,45
0.05,42605,optimal,2184
0.05,42605,aucb_lam0.05,111
0.05,42605,aucb_lam0.01,405
0.05,42605,cs,-1
0.05,49036,union_anyalloc,2451
0.05,49036,auc,49
0.05,49036,optimal,2514
0.05,49036,aucb_lam0.05,113
0.05,49036,aucb_lam0.01,419
0.05,49036,cs,-1
0.05,56437,union_anyalloc,2821
0.05,56437,auc,52
0.05,56437,optimal,2893
0.05,56437,aucb_lam0.05,116
0.05,56437,aucb_lam0.01,432
0.05,56437,cs,-1
0.05,64955,union_anyalloc,3247
0.05,64955,auc,56
0.05,64955,optimal,3330
0.05,64955,aucb_lam0.05,119
0.05,64955,aucb_lam0.01,446
0.05,64955,cs,-1
0.05,74760,union_anyalloc,3738
0.05,74760,auc,60
0.05,74760,optimal,3833
0.05,74760,aucb_lam0.05,122
0.05,74760,aucb_lam0.01,460
0.05,74760,cs,-1
0.05,86044,union_anyalloc,4302
0.05,86044,auc,65
0.05,86044,optimal,4411
0.05,86044,aucb_lam0.05,124
0.05,86044,aucb_lam0.01,474
0.05,86044,cs,-1
0.05,99031,union_anyalloc,4951
0.05,99031,auc,69
0.05,99031,optimal,5077
0.05,99031,aucb_lam0.05,127
0.05,99031,aucb_lam0.01,488
0.05,99031,cs,-1
0.05,113978,union_anyalloc,5698
0.05,113978,auc,75
0.05,113978,optimal,5843
0.05,113978,aucb_lam0.05,130
0.05,113978,aucb_lam0.01,502
0.05,113978,cs,-1
0.05,131182,union_anyalloc,6559
0.05,131182,auc,80
0.05,131182,optimal,6725
0.05,131182,aucb_lam0.05,132
0.05,131182,aucb_lam0.01,516
0.05,131182,cs,-1
0.05,150982,union_anyalloc,7549
0.05,150982,auc,86
0.05,150982,optimal,7741
0.05,150982,aucb_lam0.05,135
0.05,150982,aucb_lam0.01,530
0.05,150982,cs,-1
0.05,173771,union_anyalloc,8688
0.05,173771,auc,92
0.05,173771,optimal,8909
0.05,173771,aucb_lam0.05,138
0.05,173771,aucb_lam0.01,544
0.05,173771,cs,-1
0.05,200000,union_anyalloc,10000
0.05,200000,auc,99
0.05,200000,optimal,10254
0.05,200000,aucb_lam0.05,141
0.05,200000,aucb_lam0.01,558
0.05,200000,cs,-1
0.1,50,union_anyalloc,5
0.1,50,auc,1
0.1,50,optimal,5
0.1,50,aucb_lam0.05,5
0.1,50,aucb_lam0.01,5
0.1,50,cs,-1
0.1,58,union_anyalloc,5
0.1,58,auc,2
0.1,58,optimal,6
0.1,58,aucb_lam0.05,6
0.1,58,aucb_lam0.01,6
0.1,58,cs,-1
0.1,66,union_anyalloc,6
0.1,66,auc,2
0.1,66,optimal,6
0.1,66,aucb_lam0.05,6
0.1,66,aucb_lam0.01,6
0.1,66,cs,-1
0.1,76,union_anyalloc,7
0.1,76,auc,2
0.1,76,optimal,8
0.1,76,aucb_lam0.05,8
0.1,76,aucb_lam0.01,8
0.1,76,cs,-1
0.1,88,union_anyalloc,8
0.1,88,auc,2
0.1,88,optimal,9
0.1,88,aucb_lam0.05,9
0.1,88,aucb_lam0.01,9
0.1,88,cs,-1
0.1,101,union_anyalloc,10
0.1,101,auc,2
0.1,101,optimal,10
0.1,101,aucb_lam0.05,10
0.1,101,aucb_lam0.01,10
0.1,101,cs,-1
0.1,116,union_anyalloc,11
0.1,116,auc,2
0.1,116,optimal,12
0.1,116,aucb_lam0.05,12
0.1,116,aucb_lam0.01,12
0.1,116,cs,-1
0.1,134,union_anyalloc,13
0.1,134,auc,3
0.1,134,optimal,14
0.1,134,aucb_lam0.05,14
0.1,134,aucb_lam0.01,14
0.1,134,cs,-1
0.1,154,union_anyalloc,15
0.1,154,auc,3
0.1,154,optimal,16
0.1,154,aucb_lam0.05,16
0.1,154,aucb_lam0.01,16
0.1,154,cs,-1
0.1,177,union_anyalloc,17
0.1,177,auc,3
0.1,177,optimal,18
0.1,177,aucb_lam0.05,18
0.1,177,aucb_lam0.01,18
0.1,177,cs,-1
0.1,204,union_anyalloc,20
0.1,204,auc,4
0.1,204,optimal,21
0.1,204,aucb_lam0.05,21
0.1,204,aucb_lam0.01,21
0.1,204,cs,-1
0.1,235,union_anyalloc,23
0.1,235,auc,4
0.1,235,optimal,24
0.1,235,aucb_lam0.05,24
0.1,235,aucb_lam0.01,24
0.1,235,cs,-1
0.1,270,union_anyalloc,27
0.1,270,auc,4
0.1,270,optimal,28
0.1,270,aucb_lam0.05,27
0.1,270,aucb_lam0.01,28
0.1,270,cs,-1
0.1,311,union_anyalloc,31
0.1,311,auc,5
0.1,311,optimal,32
0.1,311,aucb_lam0.05,29
0.1,311,aucb_lam0.01,32
0.1,311,cs,-1
0.1,358,union_anyalloc,35
0.1,358,auc,5
0.1,358,optimal,37
0.1,358,aucb_lam0.05,32
0.1,358,aucb_lam0.01,37
0.1,358,cs,-1
0.1,412,union_anyalloc,41
0.1,412,auc,5
0.1,412,optimal,43
0.1,412,aucb_lam0.05,35
0.1,412,aucb_lam0.01,43
0.1,412,cs,-1
0.1,474,union_anyalloc,47
0.1,474,auc,6
0.1,474,optimal,49
0.1,474,aucb_lam0.05,37
0.1,474,aucb_lam0.01,49
0.1,474,cs,-1
0.1,546,union_anyalloc,54
0.1,546,auc,6
0.1,546,optimal,57
0.1,546,aucb_lam0.05,40
0.1,546,aucb_lam0.01,57
0.1,546,cs,-1
0.1,628,union_anyalloc,62
0.1,628,auc,7
0.1,628,optimal,66
0.1,628,aucb_lam0.05,43
0.1,628,aucb_lam0.01,66
0.1,628,cs,-1
0.1,723,union_anyalloc,72
0.1,723,auc,8
0.1,723,optimal,76
0.1,723,aucb_lam0.05,46
0.1,723,aucb_lam0.01,76
0.1,723,cs,-1
0.1,832,union_anyalloc,83
0.1,832,auc,8
0.1,832,optimal,87
0.1,832,aucb_lam0.05,48
0.1,832,aucb_lam0.01,87
0.1,832,cs,-1
0.1,957,union_anyalloc,95
0.1,957,auc,9
0.1,957,optimal,100
0.1,957,aucb_lam0.05,51
0.1,957,aucb_lam0.01,100
0.1,957,cs,-1
0.1,1102,union_anyalloc,110
0.1,1102,auc,10
0.1,1102,optimal,115
0.1,1102,aucb_lam0.05,54
0.1,1102,aucb_lam0.01,115
0.1,1102,cs,-1
0.1,1268,union_anyalloc,126
0.1,1268,auc,10
0.1,1268,optimal,133
0.1,1268,aucb_lam0.05,56
0.1,1268,aucb_lam0.01,129
0.1,1268,cs,-1
0.1,1460,union_anyalloc,146
0.1,1460,auc,11
0.1,1460,optimal,153
0.1,1460,aucb_lam0.05,59
0.1,1460,aucb_lam0.01,143
0.1,1460,cs,-1
0.1,1680,union_anyalloc,168
0.1,1680,auc,12
0.1,1680,optimal,176
0.1,1680,aucb_lam0.05,62
0.1,1680,aucb_lam0.01,157
0.1,1680,cs,-1
0.1,1933,union_anyalloc,193
0.1,1933,auc,13
0.1,1933,optimal,203
0.1,1933,aucb_lam0.05,64
0.1,1933,aucb_lam0.01,171
0.1,1933,cs,-1
0.1,2225,union_anyalloc,222
0.1,2225,auc,14
0.1,2225,optimal,234
0.1,2225,aucb_lam0.05,67
0.1,2225,aucb_lam0.01,185
0.1,2225,cs,-1
0.1,2561,union_anyalloc,256
0.1,2561,auc,15
0.1,2561,optimal,269
0.1,2561,aucb_lam0.05,70
0.1,2561,aucb_lam0.01,199
0.1,2561,cs,-1
0.1,2948,union_anyalloc,294
0.1,2948,auc,16
0.1,2948,optimal,310
0.1,2948,aucb_lam0.05,72
0.1,2948,aucb_lam0.01,212
0.1,2948,cs,-1
0.1,3393,union_anyalloc,339
0.1,3393,auc,17
0.1,3393,optimal,356
0.1,3393,aucb_lam0.05,75
0.1,3393,aucb_lam0.01,226
0.1,3393,cs,-1
0.1,3905,union_anyalloc,390
0.1,3905,auc,19
0.1,3905,optimal,410
0.1,3905,aucb_lam0.05,78
0.1,3905,aucb_lam0.01,240
0.1,3905,cs,-1
0.1,4494,union_anyalloc,449
0.1,4494,auc,20
0.1,4494,optimal,472
0.1,4494,aucb_lam0.05,80
0.1,4494,aucb_lam0.01,253
0.1,4494,cs,-1
0.1,5172,union_anyalloc,517
0.1,5172,auc,22
0.1,5172,optimal,543
0.1,5172,aucb_lam0.05,83
0.1,5172,aucb_lam0.01,267
0.1,5172,cs,-1
0.1,5953,union_anyalloc,595
0.1,5953,auc,23
0.1,5953,optimal,626
0.1,5953,aucb_lam0.05,86
0.1,5953,aucb_lam0.01,281
0.1,5953,cs,-1
0.1,6851,union_anyalloc,685
0.1,6851,auc,25
0.1,6851,optimal,720
0.1,6851,aucb_lam0.05,89
0.1,6851,aucb_lam0.01,294
0.1,6851,cs,-1
0.1,7886,union_anyalloc,788
0.1,7886,auc,27
0.1,7886,optimal,829
0.1,7886,aucb_lam0.05,91
0.1,7886,aucb_lam0.01,308
0.1,7886,cs,-1
0.1,9076,union_anyalloc,907
0.1,9076,auc,29
0.1,9076,optimal,954
0.1,9076,aucb_lam0.05,94
0.1,9076,aucb_lam0.01,322
0.1,9076,cs,-1
0.1,10446,union_anyalloc,1044
0.1,10446,auc,31
0.1,10446,optimal,1098
0.1,10446,aucb_lam0.05,97
0.1,10446,aucb_lam0.01,336
0.1,10446,cs,-1
0.1,12022,union_anyalloc,1202
0.1,12022,auc,34
0.1,12022,optimal,1264
0.1,12022,aucb_lam0.05,100
0.1,12022,aucb_lam0.01,349
0.1,12022,cs,-1
0.1,13837,union_anyalloc,1383
0.1,13837,auc,36
0.1,13837,optimal,1455
0.1,13837,aucb_lam0.05,102
0.1,13837,aucb_lam0.01,363
0.1,13837,cs,-1
0.1,15926,union_anyalloc,1592
0.1,15926,auc,39
0.1,15926,optimal,1675
0.1,15926,aucb_lam0.05,105
0.1,15926,aucb_lam0.01,377
0.1,15926,cs,-1
0.1,18329,union_anyalloc,1833
0.1,18329,auc,42
0.1,18329,optimal,1927
0.1,18329,aucb_lam0.05,108
0.1,18329,aucb_lam0.01,391
0.1,18329,cs,-1
0.1,21096,union_anyalloc,2109
0.1,21096,auc,45
0.1,21096,optimal,2218
0.1,21096,aucb_lam0.05,110
0.1,21096,aucb_lam0.01,405
0.1,21096,cs,-1
0.1,24280,union_anyalloc,2428
0.1,24280,auc,48
0.1,24280,optimal,2553
0.1,24280,aucb_lam0.05,113
0.1,24280,aucb_lam0.01,418
0.1,24280,cs,-1
0.1,27945,union_anyalloc,2794
0.1,27945,auc,52
0.1,27945,optimal,2939
0.1,27945,aucb_lam0.05,116
0.1,27945,aucb_lam0.01,432
0.1,27945,cs,-1
0.1,32163,union_anyalloc,3216
0.1,32163,auc,56
0.1,32163,optimal,3382
0.1,32163,aucb_lam0.05,119
0.1,32163,aucb_lam0.01,446
0.1,32163,cs,-1
0.1,37018,union_anyalloc,3701
0.1,37018,auc,60
0.1,37018,optimal,3893
0.1,37018,aucb_lam0.05,121
0.1,37018,aucb_lam0.01,460
0.1,37018,cs,-1
0.1,42605,union_anyalloc,4260
0.1,42605,auc,64
0.1,42605,optimal,4480
0.1,42605,aucb_lam0.05,124
0.1,42605,aucb_lam0.01,474
0.1,42605,cs,-1
0.1,49036,union_anyalloc,4903
0.1,49036,auc,69
0.1,49036,optimal,5157
0.1,49036,aucb_lam0.05,127
0.1,49036,aucb_lam0.01,488
0.1,49036,cs,-1
0.1,56437,union_anyalloc,5643
0.1,56437,auc,74
0.1,56437,optimal,5935
0.1,56437,aucb_lam0.05,130
0.1,56437,aucb_lam0.01,502
0.1,56437,cs,-1
0.1,64955,union_anyalloc,6495
0.1,64955,auc,80
0.1,64955,optimal,6831
0.1,64955,aucb_lam0.05,132
0.1,64955,aucb_lam0.01,515
0.1,64955,cs,-1
0.1,74760,union_anyalloc,7476
0.1,74760,auc,86
0.1,74760,optimal,7862
0.1,74760,aucb_lam0.05,135
0.1,74760,aucb_lam0.01,529
0.1,74760,cs,-1
0.1,86044,union_anyalloc,8604
0.1,86044,auc,92
0.1,86044,optimal,9049
0.1,86044,aucb_lam0.05,138
0.1,86044,aucb_lam0.01,543
0.1,86044,cs,-1
0.1,99031,union_anyalloc,9903
0.1,99031,auc,99
0.1,99031,optimal,10415
0.1,99031,aucb_lam0.05,140
0.1,99031,aucb_lam0.01,557
0.1,99031,cs,-1
0.1,113978,union_anyalloc,11397
0.1,113978,auc,106
0.1,113978,optimal,11987
0.1,113978,aucb_lam0.05,143
0.1,113978,aucb_lam0.01,571
0.1,113978,cs,-1
0.1,131182,union_anyalloc,13118
0.1,131182,auc,114
0.1,131182,optimal,13796
0.1,131182,aucb_lam0.05,146
0.1,131182,aucb_lam0.01,585
0.1,131182,cs,-1
0.1,150982,union_anyalloc,15098
0.1,150982,auc,122
0.1,150982,optimal,15878
0.1,150982,aucb_lam0.05,149
0.1,150982,aucb_lam0.01,599
0.1,150982,cs,-1
0.1,173771,union_anyalloc,17377
0.1,173771,auc,131
0.1,173771,optimal,18275
0.1,173771,aucb_lam0.05,151
0.1,173771,aucb_lam0.01,613
0.1,173771,cs,-1
0.1,200000,union_anyalloc,20000
0.1,200000,auc,140
0.1,200000,optimal,21034
0.1,200000,aucb_lam0.05,154
0.1,200000,aucb_lam0.01,627
0.1,200000,cs,-1
