curve,delta,x,radius
union,0.05,1,1.6158311492991833
gauss,0.05,1,1.3214356695941936
union,0.05,2,1.8305786851595638
gauss,0.05,2,1.466363892976981
union,0.05,3,1.935556458296628
gauss,0.05,3,1.5448514348783675
union,0.05,4,2.0113851789881694
gauss,0.05,4,1.59820333636786
union,0.05,5,2.072113631910758
gauss,0.05,5,1.6383903021716786
union,0.05,6,2.0850178536107213
gauss,0.05,6,1.670507944787005
union,0.05,7,2.1195372864202917
gauss,0.05,7,1.697188908135593
union,0.05,8,2.1389483201267514
gauss,0.05,8,1.7199664944783406
union,0.05,9,2.156600053196869
gauss,0.05,9,1.7398102433356482
union,0.05,10,2.1655953243567683
gauss,0.05,10,1.757371224300932
union,0.05,11,2.1907302465376826
gauss,0.05,11,1.7731072398180894
union,0.05,12,2.2631487646439266
gauss,0.05,12,1.787352128526233
union,0.05,13,2.2631487646439266
gauss,0.05,13,1.800356628071938
union,0.05,14,2.272978232542918
gauss,0.05,14,1.8123137221930532
union,0.05,15,2.3240788607323712
gauss,0.05,15,1.8233750325207652
union,0.05,16,2.3240788607323712
gauss,0.05,16,1.8336617953916323
union,0.05,17,2.3240788607323712
gauss,0.05,17,1.8432724337170838
union,0.05,18,2.3263735537680423
gauss,0.05,18,1.8522879151380327
union,0.05,19,2.3263735537680423
gauss,0.05,19,1.860775628827113
union,0.05,21,2.3523383296305624
gauss,0.05,21,1.8763858656652643
union,0.05,22,2.3523383296305624
gauss,0.05,22,1.8835976538650911
union,0.05,24,2.3523383296305624
gauss,0.05,24,1.8970130387264101
union,0.05,25,2.3523383296305624
gauss,0.05,25,1.903274372134652
union,0.05,27,2.3722851655665242
gauss,0.05,27,1.915023083355797
union,0.05,29,2.3722851655665242
gauss,0.05,29,1.9258676901891474
union,0.05,31,2.3722851655665242
gauss,0.05,31,1.935933964406625
union,0.05,33,2.3722851655665242
gauss,0.05,33,1.945323369228165
union,0.05,35,2.385636299510587
gauss,0.05,35,1.9541189173826745
union,0.05,38,2.385636299510587
gauss,0.05,38,1.966346047517499
union,0.05,40,2.385636299510587
gauss,0.05,40,1.9739339643216187
union,0.05,43,2.385636299510587
gauss,0.05,43,1.9845832115523714
union,0.05,46,2.385636299510587
gauss,0.05,46,1.994462733005998
union,0.05,50,2.385636299510587
gauss,0.05,50,2.0066101199224793
union,0.05,53,2.5939134299394038
gauss,0.05,53,2.015055515042376
union,0.05,57,2.5939134299394038
gauss,0.05,57,2.025551694676498
union,0.05,61,2.5939134299394038
gauss,0.05,61,2.035286958600938
union,0.05,65,2.5939134299394038
gauss,0.05,65,2.0443616464845227
union,0.05,69,2.5939134299394038
gauss,0.05,69,2.0528576381641517
union,0.05,74,2.5939134299394038
gauss,0.05,74,2.06276583115126
union,0.05,79,2.5939134299394038
gauss,0.05,79,2.071983119033289
union,0.05,85,2.5939134299394038
gauss,0.05,85,2.0822545037232243
union,0.05,91,2.5939134299394038
gauss,0.05,91,2.0917796129767567
union,0.05,97,2.5939134299394038
gauss,0.05,97,2.1006571694559466
union,0.05,104,2.5939134299394038
gauss,0.05,104,2.1103024668266905
union,0.05,105,inf
gauss,0.05,105,2.1116236573411307
union,0.05,111,inf
gauss,0.05,111,2.1192795387546903
union,0.05,119,inf
gauss,0.05,119,2.1288286041680133
union,0.05,127,inf
gauss,0.05,127,2.1377175579688417
union,0.05,136,inf
gauss,0.05,136,2.147031853083125
union,0.05,145,inf
gauss,0.05,145,2.155712623122301
union,0.05,155,inf
gauss,0.05,155,2.164710342728907
union,0.05,166,inf
gauss,0.05,166,2.1739217071384576
union,0.05,178,inf
gauss,0.05,178,2.1832588187822615
union,0.05,190,inf
gauss,0.05,190,2.1919505769889156
union,0.05,203,inf
gauss,0.05,203,2.200732678254475
union,0.05,218,inf
gauss,0.05,218,2.210153444767521
union,0.05,233,inf
gauss,0.05,233,2.2189109817945343
union,0.05,249,inf
gauss,0.05,249,2.2276172198084057
union,0.05,266,inf
gauss,0.05,266,2.236241207832984
union,0.05,285,inf
gauss,0.05,285,2.245214961018473
union,0.05,305,inf
gauss,0.05,305,2.254001676402528
union,0.05,326,inf
gauss,0.05,326,2.2625949392640146
union,0.05,348,inf
gauss,0.05,348,2.270991361186978
union,0.05,373,inf
gauss,0.05,373,2.279877306379647
union,0.05,399,inf
gauss,0.05,399,2.288474957002909
union,0.05,426,inf
gauss,0.05,426,2.296798701289527
union,0.05,456,inf
gauss,0.05,456,2.305418005711566
union,0.05,488,inf
gauss,0.05,488,2.3139761271679777
union,0.05,522,inf
gauss,0.05,522,2.3224436810835756
union,0.05,558,inf
gauss,0.05,558,2.3307978475693027
union,0.05,597,inf
gauss,0.05,597,2.3392301722729263
union,0.05,638,inf
gauss,0.05,638,2.347491054910477
union,0.05,683,inf
gauss,0.05,683,2.3559376612217164
union,0.05,730,inf
gauss,0.05,730,2.364156006285421
union,0.05,781,inf
gauss,0.05,781,2.3724663884961736
union,0.05,836,inf
gauss,0.05,836,2.3808117673091904
union,0.05,894,inf
gauss,0.05,894,2.3890088946637875
union,0.05,956,inf
gauss,0.05,956,2.397174949761267
union,0.05,1022,inf
gauss,0.05,1022,2.405277744815287
union,0.05,1094,inf
gauss,0.05,1094,2.4135127812839907
union,0.05,1170,inf
gauss,0.05,1170,2.421609554264984
union,0.05,1251,inf
gauss,0.05,1251,2.4296525283106565
union,0.05,1338,inf
gauss,0.05,1338,2.43770402538353
union,0.05,1431,inf
gauss,0.05,1431,2.4457248229537973
union,0.05,1531,inf
gauss,0.05,1531,2.453760982965205
union,0.05,1637,inf
gauss,0.05,1637,2.4616994689805622
union,0.05,1751,inf
gauss,0.05,1751,2.469656995317363
union,0.05,1873,inf
gauss,0.05,1873,2.4775928004148007
union,0.05,2004,inf
gauss,0.05,2004,2.485532510819236
union,0.05,2143,inf
gauss,0.05,2143,2.493383560511682
union,0.05,2292,inf
gauss,0.05,2292,2.5012282080480466
union,0.05,2452,inf
gauss,0.05,2452,2.5090786620915724
union,0.05,2622,inf
gauss,0.05,2622,2.5168530017227337
union,0.05,2805,inf
gauss,0.05,2805,2.5246533623975025
union,0.05,3000,inf
gauss,0.05,3000,2.5324000728994336
auc,0.05,1,1.8305786851595638
auc,0.05,2,2.0850178536107213
auc,0.05,3,2.2631487646439266
auc,0.05,4,2.3263735537680423
auc,0.05,5,2.3722851655665242
auc,0.05,6,2.385636299510587
auc,0.05,7,2.5939134299394038
auc,0.05,8,2.5939134299394038
auc,0.05,9,2.5939134299394038
auc,0.05,10,inf
auc,0.05,11,inf
auc,0.05,12,inf
auc,0.05,13,inf
auc,0.05,14,inf
auc,0.05,15,inf
auc,0.05,16,inf
auc,0.05,17,inf
auc,0.05,18,inf
auc,0.05,19,inf
auc,0.05,20,inf
auc,0.05,21,inf
auc,0.05,22,inf
auc,0.05,23,inf
auc,0.05,24,inf
auc,0.05,25,inf
auc,0.05,26,inf
auc,0.05,27,inf
auc,0.05,28,inf
auc,0.05,29,inf
auc,0.05,30,inf
auc,0.05,31,inf
auc,0.05,32,inf
auc,0.05,33,inf
auc,0.05,34,inf
auc,0.05,35,inf
auc,0.05,36,inf
auc,0.05,37,inf
auc,0.05,38,inf
auc,0.05,39,inf
auc,0.05,40,inf
auc,0.05,41,inf
auc,0.05,42,inf
auc,0.05,43,inf
auc,0.05,44,inf
auc,0.05,45,inf
auc,0.05,46,inf
auc,0.05,47,inf
auc,0.05,48,inf
auc,0.05,49,inf
auc,0.05,50,inf
auc,0.05,51,inf
auc,0.05,52,inf
auc,0.05,53,inf
auc,0.05,54,inf
auc,0.05,55,inf
auc,0.05,56,inf
auc,0.05,57,inf
auc,0.05,58,inf
auc,0.05,59,inf
auc,0.05,60,inf
aucb,0.05,1,2.3263735537680423
aucb,0.05,2,2.3523383296305624
aucb,0.05,3,2.3523383296305624
aucb,0.05,4,2.3523383296305624
aucb,0.05,5,2.3523383296305624
aucb,0.05,6,2.3523383296305624
aucb,0.05,7,2.3722851655665242
aucb,0.05,8,2.3722851655665242
aucb,0.05,9,2.3722851655665242
aucb,0.05,10,2.3722851655665242
aucb,0.05,11,2.3722851655665242
aucb,0.05,12,2.385636299510587
aucb,0.05,13,2.385636299510587
aucb,0.05,14,2.385636299510587
aucb,0.05,15,2.385636299510587
aucb,0.05,16,2.385636299510587
aucb,0.05,17,2.385636299510587
aucb,0.05,18,2.385636299510587
aucb,0.05,19,2.385636299510587
aucb,0.05,20,2.5939134299394038
aucb,0.05,21,2.5939134299394038
aucb,0.05,22,2.5939134299394038
aucb,0.05,23,2.5939134299394038
aucb,0.05,24,2.5939134299394038
aucb,0.05,25,2.5939134299394038
aucb,0.05,26,2.5939134299394038
aucb,0.05,27,2.5939134299394038
aucb,0.05,28,2.5939134299394038
aucb,0.05,29,2.5939134299394038
aucb,0.05,30,2.5939134299394038
aucb,0.05,31,2.5939134299394038
aucb,0.05,32,2.5939134299394038
aucb,0.05,33,2.5939134299394038
aucb,0.05,34,2.5939134299394038
aucb,0.05,35,2.5939134299394038
aucb,0.05,36,2.5939134299394038
aucb,0.05,37,2.5939134299394038
aucb,0.05,38,2.5939134299394038
aucb,0.05,39,2.5939134299394038
aucb,0.05,40,2.5939134299394038
aucb,0.05,41,2.5939134299394038
aucb,0.05,42,2.5939134299394038
aucb,0.05,43,2.5939134299394038
aucb,0.05,44,2.5939134299394038
aucb,0.05,45,2.5939134299394038
aucb,0.05,46,2.5939134299394038
aucb,0.05,47,2.5939134299394038
aucb,0.05,48,2.5939134299394038
aucb,0.05,49,2.5939134299394038
aucb,0.05,50,2.5939134299394038
aucb,0.05,51,2.5939134299394038
aucb,0.05,52,2.5939134299394038
aucb,0.05,53,inf
aucb,0.05,54,inf
aucb,0.05,55,inf
aucb,0.05,56,inf
aucb,0.05,57,inf
aucb,0.05,58,inf
aucb,0.05,59,inf
aucb,0.05,60,inf
plugin,0.05,1,1.6158311492991833
plugin,0.05,2,1.6158311492991833
plugin,0.05,3,1.6158311492991833
plugin,0.05,4,1.6158311492991833
plugin,0.05,5,1.6158311492991833
plugin,0.05,6,1.6158311492991833
plugin,0.05,7,1.6158311492991833
plugin,0.05,8,1.6158311492991833
plugin,0.05,9,1.6158311492991833
plugin,0.05,10,1.6158311492991833
plugin,0.05,11,1.6158311492991833
plugin,0.05,12,1.6158311492991833
plugin,0.05,13,1.6158311492991833
plugin,0.05,14,1.6158311492991833
plugin,0.05,15,1.6158311492991833
plugin,0.05,16,1.6158311492991833
plugin,0.05,17,1.6158311492991833
plugin,0.05,18,1.6158311492991833
plugin,0.05,19,1.6158311492991833
plugin,0.05,21,1.6158311492991833
plugin,0.05,22,1.6158311492991833
plugin,0.05,24,1.6158311492991833
plugin,0.05,25,1.6158311492991833
plugin,0.05,27,1.6158311492991833
plugin,0.05,29,1.6158311492991833
plugin,0.05,31,1.6158311492991833
plugin,0.05,33,1.6158311492991833
plugin,0.05,35,1.6158311492991833
plugin,0.05,38,1.6158311492991833
plugin,0.05,40,1.6158311492991833
plugin,0.05,43,1.6158311492991833
plugin,0.05,46,1.6158311492991833
plugin,0.05,50,1.6158311492991833
plugin,0.05,53,1.6158311492991833
plugin,0.05,57,1.6158311492991833
plugin,0.05,61,1.6158311492991833
plugin,0.05,65,1.6158311492991833
plugin,0.05,69,1.6158311492991833
plugin,0.05,74,1.6158311492991833
plugin,0.05,79,1.6158311492991833
plugin,0.05,85,1.6158311492991833
plugin,0.05,91,1.6158311492991833
plugin,0.05,97,1.6158311492991833
plugin,0.05,104,1.6158311492991833
plugin,0.05,105,1.6158311492991833
plugin,0.05,111,1.6158311492991833
plugin,0.05,119,1.6158311492991833
plugin,0.05,127,1.6158311492991833
plugin,0.05,136,1.6158311492991833
plugin,0.05,145,1.6158311492991833
plugin,0.05,155,1.6158311492991833
plugin,0.05,166,1.6158311492991833
plugin,0.05,178,1.6158311492991833
plugin,0.05,190,1.6158311492991833
plugin,0.05,203,1.6158311492991833
plugin,0.05,218,1.6158311492991833
plugin,0.05,233,1.6158311492991833
plugin,0.05,249,1.6158311492991833
plugin,0.05,266,1.6158311492991833
plugin,0.05,285,1.6158311492991833
plugin,0.05,305,1.6158311492991833
plugin,0.05,326,1.6158311492991833
plugin,0.05,348,1.6158311492991833
plugin,0.05,373,1.6158311492991833
plugin,0.05,399,1.6158311492991833
plugin,0.05,426,1.6158311492991833
plugin,0.05,456,1.6158311492991833
plugin,0.05,488,1.6158311492991833
plugin,0.05,522,1.6158311492991833
plugin,0.05,558,1.6158311492991833
plugin,0.05,597,1.6158311492991833
plugin,0.05,638,1.6158311492991833
plugin,0.05,683,1.6158311492991833
plugin,0.05,730,1.6158311492991833
plugin,0.05,781,1.6158311492991833
plugin,0.05,836,1.6158311492991833
plugin,0.05,894,1.6158311492991833
plugin,0.05,956,1.6158311492991833
plugin,0.05,1022,1.6158311492991833
plugin,0.05,1094,1.6158311492991833
plugin,0.05,1170,1.6158311492991833
plugin,0.05,1251,1.6158311492991833
plugin,0.05,1338,1.6158311492991833
plugin,0.05,1431,1.6158311492991833
plugin,0.05,1531,1.6158311492991833
plugin,0.05,1637,1.6158311492991833
plugin,0.05,1751,1.6158311492991833
plugin,0.05,1873,1.6158311492991833
plugin,0.05,2004,1.6158311492991833
plugin,0.05,2143,1.6158311492991833
plugin,0.05,2292,1.6158311492991833
plugin,0.05,2452,1.6158311492991833
plugin,0.05,2622,1.6158311492991833
plugin,0.05,2805,1.6158311492991833
plugin,0.05,3000,1.6158311492991833
cs,0.05,5,inf
cs,0.05,10,inf
cs,0.05,20,inf
cs,0.05,50,inf
cs,0.05,100,1.862911745676427
cs,0.05,150,1.7668480200914851
cs,0.05,200,1.725246165298279
cs,0.05,250,1.862911745676427
cs,0.05,300,1.8497694601809844
cs,0.05,350,1.8005233923250377
cs,0.05,400,1.7865272136876866
cs,0.05,450,1.7668480200914851
cs,0.05,500,1.7668480200914851
cs,0.05,550,1.7865272136876866
cs,0.05,600,1.7657632282260165
cs,0.05,650,1.7648715928064322
cs,0.05,700,1.755538697017185
cs,0.05,750,1.7274875253458668
cs,0.05,800,1.725246165298279
cs,0.05,850,1.725246165298279
cs,0.05,900,1.725246165298279
cs,0.05,950,1.725246165298279
cs,0.05,1000,1.7212391662908317
cs,0.05,1050,1.7052001934818974
cs,0.05,1100,1.701149455976109
cs,0.05,1150,1.6799950026095192
cs,0.05,1200,1.6641529882731443
cs,0.05,1250,1.6830645011512073
cs,0.05,1300,1.6799950026095192
cs,0.05,1350,1.6641529882731443
cs,0.05,1400,1.6593348573201225
cs,0.05,1450,1.6593348573201225
cs,0.05,1500,1.6593348573201225
cs,0.05,1550,1.6546096884970336
cs,0.05,1600,1.65163819729633
cs,0.05,1650,1.65163819729633
cs,0.05,1700,1.65163819729633
cs,0.05,1750,1.6578125601882239
cs,0.05,1800,1.6546096884970336
cs,0.05,1850,1.6578125601882239
cs,0.05,1900,1.6830645011512073
cs,0.05,1950,1.701149455976109
cs,0.05,2000,1.701149455976109
cs,0.05,2050,1.7212391662908317
split_q,0.05,2094,1.6158311492991833
union,0.1,1,1.3418214429884598
gauss,0.1,1,1.1585168928958707
union,0.1,2,1.6158311492991833
gauss,0.1,2,1.3214356695941936
union,0.1,3,1.7360047229431246
gauss,0.1,3,1.4080252547788334
union,0.1,4,1.8305786851595638
gauss,0.1,4,1.466363892976981
union,0.1,5,1.8962526967508655
gauss,0.1,5,1.5100635564437186
union,0.1,6,1.935556458296628
gauss,0.1,6,1.5448514348783675
union,0.1,7,1.9746044496685802
gauss,0.1,7,1.573664307324702
union,0.1,8,2.0113851789881694
gauss,0.1,8,1.59820333636786
union,0.1,9,2.0368182230611347
gauss,0.1,9,1.6195397016019382
union,0.1,10,2.072113631910758
gauss,0.1,10,1.6383903021716786
union,0.1,11,2.072668647361882
gauss,0.1,11,1.6552578186326656
union,0.1,12,2.0850178536107213
gauss,0.1,12,1.670507944787005
union,0.1,13,2.093355407929712
gauss,0.1,13,1.6844147798246742
union,0.1,14,2.1195372864202917
gauss,0.1,14,1.697188908135593
union,0.1,15,2.1389483201267514
gauss,0.1,15,1.7089955153450076
union,0.1,16,2.1389483201267514
gauss,0.1,16,1.7199664944783406
union,0.1,17,2.1442047250716905
gauss,0.1,17,1.7302087813759783
union,0.1,18,2.156600053196869
gauss,0.1,18,1.7398102433356482
union,0.1,19,2.156600053196869
gauss,0.1,19,1.748843933313143
union,0.1,21,2.1907302465376826
gauss,0.1,21,1.7654441591615497
union,0.1,22,2.1907302465376826
gauss,0.1,22,1.7731072398180894
union,0.1,24,2.2631487646439266
gauss,0.1,24,1.787352128526233
union,0.1,25,2.2631487646439266
gauss,0.1,25,1.793996236861661
union,0.1,27,2.272978232542918
gauss,0.1,27,1.8064558040635235
union,0.1,29,2.272978232542918
gauss,0.1,29,1.817948162727345
union,0.1,31,2.3240788607323712
gauss,0.1,31,1.8286086177179628
union,0.1,33,2.3240788607323712
gauss,0.1,33,1.8385462118517628
union,0.1,35,2.3263735537680423
gauss,0.1,35,1.8478500765814536
union,0.1,38,2.3263735537680423
gauss,0.1,38,1.860775628827113
union,0.1,40,2.3263735537680423
gauss,0.1,40,1.8687922457436807
union,0.1,43,2.3523383296305624
gauss,0.1,43,1.8800371501182556
union,0.1,46,2.3523383296305624
gauss,0.1,46,1.8904631061195039
union,0.1,50,2.3523383296305624
gauss,0.1,50,1.903274372134652
union,0.1,53,2.3722851655665242
gauss,0.1,53,1.9121762185928217
union,0.1,57,2.3722851655665242
gauss,0.1,57,1.9232339509420275
union,0.1,61,2.3722851655665242
gauss,0.1,61,1.9334844623374408
union,0.1,65,2.3722851655665242
gauss,0.1,65,1.9430346635781246
union,0.1,69,2.3722851655665242
gauss,0.1,69,1.9519717325868595
union,0.1,74,2.385636299510587
gauss,0.1,74,1.962389369216618
union,0.1,79,2.385636299510587
gauss,0.1,79,1.9720758625895107
union,0.1,85,2.385636299510587
gauss,0.1,85,1.9828648417188945
union,0.1,91,2.385636299510587
gauss,0.1,91,1.9928650510043167
union,0.1,97,2.385636299510587
gauss,0.1,97,2.0021812370102556
union,0.1,104,2.385636299510587
gauss,0.1,104,2.0122986020330242
union,0.1,111,2.5939134299394038
gauss,0.1,111,2.021710890714481
union,0.1,119,2.5939134299394038
gauss,0.1,119,2.031718579964553
union,0.1,127,2.5939134299394038
gauss,0.1,127,2.0410305044015185
union,0.1,136,2.5939134299394038
gauss,0.1,136,2.050783981896388
union,0.1,145,2.5939134299394038
gauss,0.1,145,2.0598704026559727
union,0.1,155,2.5939134299394038
gauss,0.1,155,2.0692849079251383
union,0.1,166,2.5939134299394038
gauss,0.1,166,2.0789191304658856
union,0.1,178,2.5939134299394038
gauss,0.1,178,2.0886809790008054
union,0.1,190,2.5939134299394038
gauss,0.1,190,2.097764642234988
union,0.1,203,2.5939134299394038
gauss,0.1,203,2.106939363955774
union,0.1,209,2.5939134299394038
gauss,0.1,209,2.110964745822548
union,0.1,210,inf
gauss,0.1,210,2.1116236573411307
union,0.1,218,inf
gauss,0.1,218,2.1167776008988257
union,0.1,233,inf
gauss,0.1,233,2.1259198261876273
union,0.1,249,inf
gauss,0.1,249,2.1350053021564555
union,0.1,266,inf
gauss,0.1,266,2.1440018427836227
union,0.1,285,inf
gauss,0.1,285,2.1533600217869817
union,0.1,305,inf
gauss,0.1,305,2.1625199928496968
union,0.1,326,inf
gauss,0.1,326,2.171475309883209
union,0.1,348,inf
gauss,0.1,348,2.18022267780957
union,0.1,373,inf
gauss,0.1,373,2.189477036735979
union,0.1,399,inf
gauss,0.1,399,2.1984282547035083
union,0.1,426,inf
gauss,0.1,426,2.2070916239464333
union,0.1,456,inf
gauss,0.1,456,2.216059869071307
union,0.1,488,inf
gauss,0.1,488,2.224961725368003
union,0.1,522,inf
gauss,0.1,522,2.2337667322382333
union,0.1,558,inf
gauss,0.1,558,2.242451285643223
union,0.1,597,inf
gauss,0.1,597,2.2512145524408087
union,0.1,638,inf
gauss,0.1,638,2.259797206639116
union,0.1,683,inf
gauss,0.1,683,2.268570348437998
union,0.1,730,inf
gauss,0.1,730,2.277104034580915
union,0.1,781,inf
gauss,0.1,781,2.2857309392825145
union,0.1,836,inf
gauss,0.1,836,2.2943918221627184
union,0.1,894,inf
gauss,0.1,894,2.3028965806201414
union,0.1,956,inf
gauss,0.1,956,2.3113668903945523
union,0.1,1022,inf
gauss,0.1,1022,2.319769426463105
union,0.1,1094,inf
gauss,0.1,1094,2.3283069187008896
union,0.1,1170,inf
gauss,0.1,1170,2.336698952701589
union,0.1,1251,inf
gauss,0.1,1251,2.345033170463824
union,0.1,1338,inf
gauss,0.1,1338,2.3533741898857294
union,0.1,1431,inf
gauss,0.1,1431,2.3616814077816746
union,0.1,1531,inf
gauss,0.1,1531,2.370002557756345
union,0.1,1637,inf
gauss,0.1,1637,2.378220645320453
union,0.1,1751,inf
gauss,0.1,1751,2.386456544077271
union,0.1,1873,inf
gauss,0.1,1873,2.3946680870042307
union,0.1,2004,inf
gauss,0.1,2004,2.4028818166086783
union,0.1,2143,inf
gauss,0.1,2143,2.4110020203390876
union,0.1,2292,inf
gauss,0.1,2292,2.4191138276204556
union,0.1,2452,inf
gauss,0.1,2452,2.4272298809162023
union,0.1,2622,inf
gauss,0.1,2622,2.43526552854714
union,0.1,2805,inf
gauss,0.1,2805,2.4433263724918666
union,0.1,3000,inf
gauss,0.1,3000,2.451330106589136
auc,0.1,1,1.6158311492991833
auc,0.1,2,1.935556458296628
auc,0.1,3,2.0850178536107213
auc,0.1,4,2.1655953243567683
auc,0.1,5,2.3240788607323712
auc,0.1,6,2.3263735537680423
auc,0.1,7,2.3722851655665242
auc,0.1,8,2.385636299510587
auc,0.1,9,2.385636299510587
auc,0.1,10,2.5939134299394038
auc,0.1,11,2.5939134299394038
auc,0.1,12,2.5939134299394038
auc,0.1,13,2.5939134299394038
auc,0.1,14,2.5939134299394038
auc,0.1,15,inf
auc,0.1,16,inf
auc,0.1,17,inf
auc,0.1,18,inf
auc,0.1,19,inf
auc,0.1,20,inf
auc,0.1,21,inf
auc,0.1,22,inf
auc,0.1,23,inf
auc,0.1,24,inf
auc,0.1,25,inf
auc,0.1,26,inf
auc,0.1,27,inf
auc,0.1,28,inf
auc,0.1,29,inf
auc,0.1,30,inf
auc,0.1,31,inf
auc,0.1,32,inf
auc,0.1,33,inf
auc,0.1,34,inf
auc,0.1,35,inf
auc,0.1,36,inf
auc,0.1,37,inf
auc,0.1,38,inf
auc,0.1,39,inf
auc,0.1,40,inf
auc,0.1,41,inf
auc,0.1,42,inf
auc,0.1,43,inf
auc,0.1,44,inf
auc,0.1,45,inf
auc,0.1,46,inf
auc,0.1,47,inf
auc,0.1,48,inf
auc,0.1,49,inf
auc,0.1,50,inf
auc,0.1,51,inf
auc,0.1,52,inf
auc,0.1,53,inf
auc,0.1,54,inf
auc,0.1,55,inf
auc,0.1,56,inf
auc,0.1,57,inf
auc,0.1,58,inf
auc,0.1,59,inf
auc,0.1,60,inf
aucb,0.1,1,2.1655953243567683
aucb,0.1,2,2.1907302465376826
aucb,0.1,3,2.1907302465376826
aucb,0.1,4,2.2631487646439266
aucb,0.1,5,2.2631487646439266
aucb,0.1,6,2.2631487646439266
aucb,0.1,7,2.272978232542918
aucb,0.1,8,2.272978232542918
aucb,0.1,9,2.3240788607323712
aucb,0.1,10,2.3240788607323712
aucb,0.1,11,2.3240788607323712
aucb,0.1,12,2.3263735537680423
aucb,0.1,13,2.3263735537680423
aucb,0.1,14,2.3263735537680423
aucb,0.1,15,2.3263735537680423
aucb,0.1,16,2.3523383296305624
aucb,0.1,17,2.3523383296305624
aucb,0.1,18,2.3523383296305624
aucb,0.1,19,2.3523383296305624
aucb,0.1,20,2.3722851655665242
aucb,0.1,21,2.3722851655665242
aucb,0.1,22,2.3722851655665242
aucb,0.1,23,2.3722851655665242
aucb,0.1,24,2.3722851655665242
aucb,0.1,25,2.3722851655665242
aucb,0.1,26,2.385636299510587
aucb,0.1,27,2.385636299510587
aucb,0.1,28,2.385636299510587
aucb,0.1,29,2.385636299510587
aucb,0.1,30,2.385636299510587
aucb,0.1,31,2.385636299510587
aucb,0.1,32,2.385636299510587
aucb,0.1,33,2.385636299510587
aucb,0.1,34,2.5939134299394038
aucb,0.1,35,2.5939134299394038
aucb,0.1,36,2.5939134299394038
aucb,0.1,37,2.5939134299394038
aucb,0.1,38,2.5939134299394038
aucb,0.1,39,2.5939134299394038
aucb,0.1,40,2.5939134299394038
aucb,0.1,41,2.5939134299394038
aucb,0.1,42,2.5939134299394038
aucb,0.1,43,2.5939134299394038
aucb,0.1,44,2.5939134299394038
aucb,0.1,45,2.5939134299394038
aucb,0.1,46,2.5939134299394038
aucb,0.1,47,2.5939134299394038
aucb,0.1,48,2.5939134299394038
aucb,0.1,49,2.5939134299394038
aucb,0.1,50,2.5939134299394038
aucb,0.1,51,2.5939134299394038
aucb,0.1,52,2.5939134299394038
aucb,0.1,53,2.5939134299394038
aucb,0.1,54,2.5939134299394038
aucb,0.1,55,2.5939134299394038
aucb,0.1,56,2.5939134299394038
aucb,0.1,57,2.5939134299394038
aucb,0.1,58,2.5939134299394038
aucb,0.1,59,2.5939134299394038
aucb,0.1,60,2.5939134299394038
plugin,0.1,1,1.3418214429884598
plugin,0.1,2,1.3418214429884598
plugin,0.1,3,1.3418214429884598
plugin,0.1,4,1.3418214429884598
plugin,0.1,5,1.3418214429884598
plugin,0.1,6,1.3418214429884598
plugin,0.1,7,1.3418214429884598
plugin,0.1,8,1.3418214429884598
plugin,0.1,9,1.3418214429884598
plugin,0.1,10,1.3418214429884598
plugin,0.1,11,1.3418214429884598
plugin,0.1,12,1.3418214429884598
plugin,0.1,13,1.3418214429884598
plugin,0.1,14,1.3418214429884598
plugin,0.1,15,1.3418214429884598
plugin,0.1,16,1.3418214429884598
plugin,0.1,17,1.3418214429884598
plugin,0.1,18,1.3418214429884598
plugin,0.1,19,1.3418214429884598
plugin,0.1,21,1.3418214429884598
plugin,0.1,22,1.3418214429884598
plugin,0.1,24,1.3418214429884598
plugin,0.1,25,1.3418214429884598
plugin,0.1,27,1.3418214429884598
plugin,0.1,29,1.3418214429884598
plugin,0.1,31,1.3418214429884598
plugin,0.1,33,1.3418214429884598
plugin,0.1,35,1.3418214429884598
plugin,0.1,38,1.3418214429884598
plugin,0.1,40,1.3418214429884598
plugin,0.1,43,1.3418214429884598
plugin,0.1,46,1.3418214429884598
plugin,0.1,50,1.3418214429884598
plugin,0.1,53,1.3418214429884598
plugin,0.1,57,1.3418214429884598
plugin,0.1,61,1.3418214429884598
plugin,0.1,65,1.3418214429884598
plugin,0.1,69,1.3418214429884598
plugin,0.1,74,1.3418214429884598
plugin,0.1,79,1.3418214429884598
plugin,0.1,85,1.3418214429884598
plugin,0.1,91,1.3418214429884598
plugin,0.1,97,1.3418214429884598
plugin,0.1,104,1.3418214429884598
plugin,0.1,111,1.3418214429884598
plugin,0.1,119,1.3418214429884598
plugin,0.1,127,1.3418214429884598
plugin,0.1,136,1.3418214429884598
plugin,0.1,145,1.3418214429884598
plugin,0.1,155,1.3418214429884598
plugin,0.1,166,1.3418214429884598
plugin,0.1,178,1.3418214429884598
plugin,0.1,190,1.3418214429884598
plugin,0.1,203,1.3418214429884598
plugin,0.1,209,1.3418214429884598
plugin,0.1,210,1.3418214429884598
plugin,0.1,218,1.3418214429884598
plugin,0.1,233,1.3418214429884598
plugin,0.1,249,1.3418214429884598
plugin,0.1,266,1.3418214429884598
plugin,0.1,285,1.3418214429884598
plugin,0.1,305,1.3418214429884598
plugin,0.1,326,1.3418214429884598
plugin,0.1,348,1.3418214429884598
plugin,0.1,373,1.3418214429884598
plugin,0.1,399,1.3418214429884598
plugin,0.1,426,1.3418214429884598
plugin,0.1,456,1.3418214429884598
plugin,0.1,488,1.3418214429884598
plugin,0.1,522,1.3418214429884598
plugin,0.1,558,1.3418214429884598
plugin,0.1,597,1.3418214429884598
plugin,0.1,638,1.3418214429884598
plugin,0.1,683,1.3418214429884598
plugin,0.1,730,1.3418214429884598
plugin,0.1,781,1.3418214429884598
plugin,0.1,836,1.3418214429884598
plugin,0.1,894,1.3418214429884598
plugin,0.1,956,1.3418214429884598
plugin,0.1,1022,1.3418214429884598
plugin,0.1,1094,1.3418214429884598
plugin,0.1,1170,1.3418214429884598
plugin,0.1,1251,1.3418214429884598
plugin,0.1,1338,1.3418214429884598
plugin,0.1,1431,1.3418214429884598
plugin,0.1,1531,1.3418214429884598
plugin,0.1,1637,1.3418214429884598
plugin,0.1,1751,1.3418214429884598
plugin,0.1,1873,1.3418214429884598
plugin,0.1,2004,1.3418214429884598
plugin,0.1,2143,1.3418214429884598
plugin,0.1,2292,1.3418214429884598
plugin,0.1,2452,1.3418214429884598
plugin,0.1,2622,1.3418214429884598
plugin,0.1,2805,1.3418214429884598
plugin,0.1,3000,1.3418214429884598
cs,0.1,5,inf
cs,0.1,10,inf
cs,0.1,20,inf
cs,0.1,50,1.9746044496685802
cs,0.1,100,1.7274875253458668
cs,0.1,150,1.8032898623248228
cs,0.1,200,1.7274875253458668
cs,0.1,250,1.7266679865170689
cs,0.1,300,1.6546096884970336
cs,0.1,350,1.6416050473712869
cs,0.1,400,1.615978957198944
cs,0.1,450,1.6091300337968124
cs,0.1,500,1.5992028691883646
cs,0.1,550,1.5049087625295148
cs,0.1,600,1.5049087625295148
cs,0.1,650,1.4765735279904486
cs,0.1,700,1.5049087625295148
cs,0.1,750,1.4785937959661921
cs,0.1,800,1.54917728413532
cs,0.1,850,1.505714732765962
cs,0.1,900,1.4785937959661921
cs,0.1,950,1.4765735279904486
cs,0.1,1000,1.4427056150321111
cs,0.1,1050,1.4427056150321111
cs,0.1,1100,1.4385439949727812
cs,0.1,1150,1.474406738693671
cs,0.1,1200,1.452117989709229
cs,0.1,1250,1.4427056150321111
cs,0.1,1300,1.4374674121172537
cs,0.1,1350,1.4193183075584062
cs,0.1,1400,1.4193183075584062
cs,0.1,1450,1.4133650597946832
cs,0.1,1500,1.4168933676538449
cs,0.1,1550,1.4187663811706255
cs,0.1,1600,1.4193183075584062
cs,0.1,1650,1.4194375156011712
cs,0.1,1700,1.4194375156011712
cs,0.1,1750,1.4194375156011712
cs,0.1,1800,1.4193183075584062
cs,0.1,1850,1.4193183075584062
cs,0.1,1900,1.4168933676538449
cs,0.1,1950,1.4168933676538449
cs,0.1,2000,1.4133650597946832
cs,0.1,2050,1.4186344892916192
split_q,0.1,2094,1.3418214429884598
cs_synth,0.05,20,inf
cs_synth,0.05,23,inf
cs_synth,0.05,27,inf
cs_synth,0.05,31,inf
cs_synth,0.05,36,inf
cs_synth,0.05,41,inf
cs_synth,0.05,48,inf
cs_synth,0.05,55,inf
cs_synth,0.05,63,inf
cs_synth,0.05,73,inf
cs_synth,0.05,85,inf
cs_synth,0.05,98,1.2369170168516213
cs_synth,0.05,113,1.2369170168516213
cs_synth,0.05,131,1.2369170168516213
cs_synth,0.05,151,1.1185292165451333
cs_synth,0.05,174,1.0574977971741006
cs_synth,0.05,201,1.1185292165451333
cs_synth,0.05,233,1.1185292165451333
cs_synth,0.05,269,1.1185292165451333
cs_synth,0.05,311,1.047092471959591
cs_synth,0.05,359,1.0574977971741006
cs_synth,0.05,415,1.0574977971741006
cs_synth,0.05,479,1.0398841704492814
cs_synth,0.05,553,0.9928511781672568
cs_synth,0.05,639,0.9486584195052243
cs_synth,0.05,739,0.9441063476870817
cs_synth,0.05,853,0.9179656601831678
cs_synth,0.05,986,0.9179656601831678
cs_synth,0.05,1139,0.932810155789591
cs_synth,0.05,1316,0.9328386214985251
cs_synth,0.05,1520,0.9137965752763748
cs_synth,0.05,1756,0.9120925844932696
cs_synth,0.05,2029,0.8997344797778659
cs_synth,0.05,2344,0.8995414710618619
cs_synth,0.05,2708,0.8997344797778659
cs_synth,0.05,3128,0.8985507165110646
cs_synth,0.05,3614,0.8931087836179975
cs_synth,0.05,4176,0.8838852851591803
cs_synth,0.05,4824,0.8838590192511283
cs_synth,0.05,5573,0.8852894794978925
cs_synth,0.05,6439,0.8814305582483152
cs_synth,0.05,7439,0.878784762483801
cs_synth,0.05,8594,0.8736301986599878
cs_synth,0.05,9929,0.8732254503211361
cs_synth,0.05,11471,0.8735361013907972
cs_synth,0.05,13252,0.8728223753086628
cs_synth,0.05,15310,0.8703544793728137
cs_synth,0.05,17688,0.8680739524180552
cs_synth,0.05,20434,0.8684456328709204
cs_synth,0.05,23608,0.8661562911687523
cs_synth,0.05,27274,0.8660873964008485
cs_synth,0.05,31510,0.8659166992895153
cs_synth,0.05,36403,0.8661562911687523
cs_synth,0.05,42057,0.8663369235349198
cs_synth,0.05,48588,0.8640740349526811
cs_synth,0.05,56134,0.8628581368381587
cs_synth,0.05,64851,0.8625371209047694
cs_synth,0.05,74922,0.8608115735405634
cs_synth,0.05,86558,0.8618670996038329
cs_synth,0.05,100000,0.8610741825501282
q_true_synth,0.05,100000,0.8567113907382857
